url,username,password
https://staging.identitycloud.ch/appdesigner/,automatedTestUser1443181506566,@ut0mAT22$
https://staging.identitycloud.ch/appdesigner/,osaTestUserJule,Test_123456

https://fake-response.appspot.com/?status=201,--,--
https://fake-response.appspot.com/?status=202,--,--
https://fake-response.appspot.com/?status=203,--,--
https://fake-response.appspot.com/?status=204,--,--
https://fake-response.appspot.com/?status=205,--,--
https://fake-response.appspot.com/?status=206,--,--
https://fake-response.appspot.com/?status=300,--,--
https://fake-response.appspot.com/?status=301,--,--
https://fake-response.appspot.com/?status=302,--,--
https://fake-response.appspot.com/?status=303,--,--
https://fake-response.appspot.com/?status=304,--,--
https://fake-response.appspot.com/?status=305,--,--
https://fake-response.appspot.com/?status=306,--,--
https://fake-response.appspot.com/?status=307,--,--
https://fake-response.appspot.com/?status=400,--,--
https://fake-response.appspot.com/?status=401,--,--
https://fake-response.appspot.com/?status=402,--,--
https://fake-response.appspot.com/?status=403,--,--
https://fake-response.appspot.com/?status=404,--,--
https://fake-response.appspot.com/?status=405,--,--
https://fake-response.appspot.com/?status=406,--,--
https://fake-response.appspot.com/?status=407,--,--
https://fake-response.appspot.com/?status=408,--,--
https://fake-response.appspot.com/?status=409,--,--
https://fake-response.appspot.com/?status=410,--,--
https://fake-response.appspot.com/?status=411,--,--
https://fake-response.appspot.com/?status=412,--,--
https://fake-response.appspot.com/?status=413,--,--
https://fake-response.appspot.com/?status=414,--,--
https://fake-response.appspot.com/?status=415,--,--
https://fake-response.appspot.com/?status=416,--,--
https://fake-response.appspot.com/?status=417,--,--
https://fake-response.appspot.com/?status=500,--,--
https://fake-response.appspot.com/?status=501,--,--
https://fake-response.appspot.com/?status=502,--,--
https://fake-response.appspot.com/?status=503,--,--
https://fake-response.appspot.com/?status=504,--,--
https://fake-response.appspot.com/?status=505,--,--
https://fake-response.appspot.com/?status=201,--,--
https://fake-response.appspot.com/?status=202,--,--
https://fake-response.appspot.com/?status=203,--,--
https://fake-response.appspot.com/?status=204,--,--
https://fake-response.appspot.com/?status=205,--,--
https://fake-response.appspot.com/?status=206,--,--
https://fake-response.appspot.com/?status=300,--,--
https://fake-response.appspot.com/?status=301,--,--
https://fake-response.appspot.com/?status=302,--,--
https://fake-response.appspot.com/?status=303,--,--
https://fake-response.appspot.com/?status=304,--,--
https://fake-response.appspot.com/?status=305,--,--
https://fake-response.appspot.com/?status=306,--,--
https://fake-response.appspot.com/?status=307,--,--
https://fake-response.appspot.com/?status=400,--,--
https://fake-response.appspot.com/?status=401,--,--
https://fake-response.appspot.com/?status=402,--,--
https://fake-response.appspot.com/?status=403,--,--
https://fake-response.appspot.com/?status=404,--,--
https://fake-response.appspot.com/?status=405,--,--
https://fake-response.appspot.com/?status=406,--,--
https://fake-response.appspot.com/?status=407,--,--
https://fake-response.appspot.com/?status=408,--,--
https://fake-response.appspot.com/?status=409,--,--
https://fake-response.appspot.com/?status=410,--,--
https://fake-response.appspot.com/?status=411,--,--
https://fake-response.appspot.com/?status=412,--,--
https://fake-response.appspot.com/?status=413,--,--
https://fake-response.appspot.com/?status=414,--,--
https://fake-response.appspot.com/?status=415,--,--
https://fake-response.appspot.com/?status=416,--,--
https://fake-response.appspot.com/?status=417,--,--
https://fake-response.appspot.com/?status=500,--,--
https://fake-response.appspot.com/?status=501,--,--
https://fake-response.appspot.com/?status=502,--,--
https://fake-response.appspot.com/?status=503,--,--
https://fake-response.appspot.com/?status=504,--,--
https://fake-response.appspot.com/?status=505,--,--
https://fake-response.appspot.com/?status=201,--,--
https://fake-response.appspot.com/?status=202,--,--
https://fake-response.appspot.com/?status=203,--,--
https://fake-response.appspot.com/?status=204,--,--
https://fake-response.appspot.com/?status=205,--,--
https://fake-response.appspot.com/?status=206,--,--
https://fake-response.appspot.com/?status=300,--,--
https://fake-response.appspot.com/?status=301,--,--
https://fake-response.appspot.com/?status=302,--,--
https://fake-response.appspot.com/?status=303,--,--
https://fake-response.appspot.com/?status=304,--,--
https://fake-response.appspot.com/?status=305,--,--
https://fake-response.appspot.com/?status=306,--,--
https://fake-response.appspot.com/?status=307,--,--
https://fake-response.appspot.com/?status=400,--,--
https://fake-response.appspot.com/?status=401,--,--
https://fake-response.appspot.com/?status=402,--,--
https://fake-response.appspot.com/?status=403,--,--
https://fake-response.appspot.com/?status=404,--,--
https://fake-response.appspot.com/?status=405,--,--
https://fake-response.appspot.com/?status=406,--,--
https://fake-response.appspot.com/?status=407,--,--
https://fake-response.appspot.com/?status=408,--,--
https://fake-response.appspot.com/?status=409,--,--
https://fake-response.appspot.com/?status=410,--,--
https://fake-response.appspot.com/?status=411,--,--
https://fake-response.appspot.com/?status=412,--,--
https://fake-response.appspot.com/?status=413,--,--
https://fake-response.appspot.com/?status=414,--,--
https://fake-response.appspot.com/?status=415,--,--
https://fake-response.appspot.com/?status=416,--,--
https://fake-response.appspot.com/?status=417,--,--
https://fake-response.appspot.com/?status=500,--,--
https://fake-response.appspot.com/?status=501,--,--
https://fake-response.appspot.com/?status=502,--,--
https://fake-response.appspot.com/?status=503,--,--
https://fake-response.appspot.com/?status=504,--,--
https://fake-response.appspot.com/?status=505,--,--
https://fake-response.appspot.com/?status=201,--,--
https://fake-response.appspot.com/?status=202,--,--
https://fake-response.appspot.com/?status=203,--,--
https://fake-response.appspot.com/?status=204,--,--
https://fake-response.appspot.com/?status=205,--,--
https://fake-response.appspot.com/?status=206,--,--
https://fake-response.appspot.com/?status=300,--,--
https://fake-response.appspot.com/?status=301,--,--
https://fake-response.appspot.com/?status=302,--,--
https://fake-response.appspot.com/?status=303,--,--
https://fake-response.appspot.com/?status=304,--,--
https://fake-response.appspot.com/?status=305,--,--
https://fake-response.appspot.com/?status=306,--,--
https://fake-response.appspot.com/?status=307,--,--
https://fake-response.appspot.com/?status=400,--,--
https://fake-response.appspot.com/?status=401,--,--
https://fake-response.appspot.com/?status=402,--,--
https://fake-response.appspot.com/?status=403,--,--
https://fake-response.appspot.com/?status=404,--,--
https://fake-response.appspot.com/?status=405,--,--
https://fake-response.appspot.com/?status=406,--,--
https://fake-response.appspot.com/?status=407,--,--
https://fake-response.appspot.com/?status=408,--,--
https://fake-response.appspot.com/?status=409,--,--
https://fake-response.appspot.com/?status=410,--,--
https://fake-response.appspot.com/?status=411,--,--
https://fake-response.appspot.com/?status=412,--,--
https://fake-response.appspot.com/?status=413,--,--
https://fake-response.appspot.com/?status=414,--,--
https://fake-response.appspot.com/?status=415,--,--
https://fake-response.appspot.com/?status=416,--,--
https://fake-response.appspot.com/?status=417,--,--
https://fake-response.appspot.com/?status=500,--,--
https://fake-response.appspot.com/?status=501,--,--
https://fake-response.appspot.com/?status=502,--,--
https://fake-response.appspot.com/?status=503,--,--
https://fake-response.appspot.com/?status=504,--,--
https://fake-response.appspot.com/?status=505,--,--
https://fake-response.appspot.com/?status=201,--,--
https://fake-response.appspot.com/?status=202,--,--
https://fake-response.appspot.com/?status=203,--,--
https://fake-response.appspot.com/?status=204,--,--
https://fake-response.appspot.com/?status=205,--,--
https://fake-response.appspot.com/?status=206,--,--
https://fake-response.appspot.com/?status=300,--,--
https://fake-response.appspot.com/?status=301,--,--
https://fake-response.appspot.com/?status=302,--,--
https://fake-response.appspot.com/?status=303,--,--
https://fake-response.appspot.com/?status=304,--,--
https://fake-response.appspot.com/?status=305,--,--
https://fake-response.appspot.com/?status=306,--,--
https://fake-response.appspot.com/?status=307,--,--
https://fake-response.appspot.com/?status=400,--,--
https://fake-response.appspot.com/?status=401,--,--
https://fake-response.appspot.com/?status=402,--,--
https://fake-response.appspot.com/?status=403,--,--
https://fake-response.appspot.com/?status=404,--,--
https://fake-response.appspot.com/?status=405,--,--
https://fake-response.appspot.com/?status=406,--,--
https://fake-response.appspot.com/?status=407,--,--
https://fake-response.appspot.com/?status=408,--,--
https://fake-response.appspot.com/?status=409,--,--
https://fake-response.appspot.com/?status=410,--,--
https://fake-response.appspot.com/?status=411,--,--
https://fake-response.appspot.com/?status=412,--,--
https://fake-response.appspot.com/?status=413,--,--
https://fake-response.appspot.com/?status=414,--,--
https://fake-response.appspot.com/?status=415,--,--
https://fake-response.appspot.com/?status=416,--,--
https://fake-response.appspot.com/?status=417,--,--
https://fake-response.appspot.com/?status=500,--,--
https://fake-response.appspot.com/?status=501,--,--
https://fake-response.appspot.com/?status=502,--,--
https://fake-response.appspot.com/?status=503,--,--
https://fake-response.appspot.com/?status=504,--,--
https://fake-response.appspot.com/?status=505,--,--
https://fake-response.appspot.com/?status=201,--,--
https://fake-response.appspot.com/?status=202,--,--
https://fake-response.appspot.com/?status=203,--,--
https://fake-response.appspot.com/?status=204,--,--
https://fake-response.appspot.com/?status=205,--,--
https://fake-response.appspot.com/?status=206,--,--
https://fake-response.appspot.com/?status=300,--,--
https://fake-response.appspot.com/?status=301,--,--
https://fake-response.appspot.com/?status=302,--,--
https://fake-response.appspot.com/?status=303,--,--
https://fake-response.appspot.com/?status=304,--,--
https://fake-response.appspot.com/?status=305,--,--
https://fake-response.appspot.com/?status=306,--,--
https://fake-response.appspot.com/?status=307,--,--
https://fake-response.appspot.com/?status=400,--,--
https://fake-response.appspot.com/?status=401,--,--
https://fake-response.appspot.com/?status=402,--,--
https://fake-response.appspot.com/?status=403,--,--
https://fake-response.appspot.com/?status=404,--,--
https://fake-response.appspot.com/?status=405,--,--
https://fake-response.appspot.com/?status=406,--,--
https://fake-response.appspot.com/?status=407,--,--
https://fake-response.appspot.com/?status=408,--,--
https://fake-response.appspot.com/?status=409,--,--
https://fake-response.appspot.com/?status=410,--,--
https://fake-response.appspot.com/?status=411,--,--
https://fake-response.appspot.com/?status=412,--,--
https://fake-response.appspot.com/?status=413,--,--
https://fake-response.appspot.com/?status=414,--,--
https://fake-response.appspot.com/?status=415,--,--
https://fake-response.appspot.com/?status=416,--,--
https://fake-response.appspot.com/?status=417,--,--
https://fake-response.appspot.com/?status=500,--,--
https://fake-response.appspot.com/?status=501,--,--
https://fake-response.appspot.com/?status=502,--,--
https://fake-response.appspot.com/?status=503,--,--
https://fake-response.appspot.com/?status=504,--,--
https://fake-response.appspot.com/?status=505,--,--
https://fake-response.appspot.com/?status=201,--,--
https://fake-response.appspot.com/?status=202,--,--
https://fake-response.appspot.com/?status=203,--,--
https://fake-response.appspot.com/?status=204,--,--
https://fake-response.appspot.com/?status=205,--,--
https://fake-response.appspot.com/?status=206,--,--
https://fake-response.appspot.com/?status=300,--,--
https://fake-response.appspot.com/?status=301,--,--
https://fake-response.appspot.com/?status=302,--,--
https://fake-response.appspot.com/?status=303,--,--
https://fake-response.appspot.com/?status=304,--,--
https://fake-response.appspot.com/?status=305,--,--
https://fake-response.appspot.com/?status=306,--,--
https://fake-response.appspot.com/?status=307,--,--
https://fake-response.appspot.com/?status=400,--,--
https://fake-response.appspot.com/?status=401,--,--
https://fake-response.appspot.com/?status=402,--,--
https://fake-response.appspot.com/?status=403,--,--
https://fake-response.appspot.com/?status=404,--,--
https://fake-response.appspot.com/?status=405,--,--
https://fake-response.appspot.com/?status=406,--,--
https://fake-response.appspot.com/?status=407,--,--
https://fake-response.appspot.com/?status=408,--,--
https://fake-response.appspot.com/?status=409,--,--
https://fake-response.appspot.com/?status=410,--,--
https://fake-response.appspot.com/?status=411,--,--
https://fake-response.appspot.com/?status=412,--,--
https://fake-response.appspot.com/?status=413,--,--
https://fake-response.appspot.com/?status=414,--,--
https://fake-response.appspot.com/?status=415,--,--
https://fake-response.appspot.com/?status=416,--,--
https://fake-response.appspot.com/?status=417,--,--
https://fake-response.appspot.com/?status=500,--,--
https://fake-response.appspot.com/?status=501,--,--
https://fake-response.appspot.com/?status=502,--,--
https://fake-response.appspot.com/?status=503,--,--
https://fake-response.appspot.com/?status=504,--,--
https://fake-response.appspot.com/?status=505,--,--
https://fake-response.appspot.com/?status=201,--,--
https://fake-response.appspot.com/?status=202,--,--
https://fake-response.appspot.com/?status=203,--,--
https://fake-response.appspot.com/?status=204,--,--
https://fake-response.appspot.com/?status=205,--,--
https://fake-response.appspot.com/?status=206,--,--
https://fake-response.appspot.com/?status=300,--,--
https://fake-response.appspot.com/?status=301,--,--
https://fake-response.appspot.com/?status=302,--,--
https://fake-response.appspot.com/?status=303,--,--
https://fake-response.appspot.com/?status=304,--,--
https://fake-response.appspot.com/?status=305,--,--
https://fake-response.appspot.com/?status=306,--,--
https://fake-response.appspot.com/?status=307,--,--
https://fake-response.appspot.com/?status=400,--,--
https://fake-response.appspot.com/?status=401,--,--
https://fake-response.appspot.com/?status=402,--,--
https://fake-response.appspot.com/?status=403,--,--
https://fake-response.appspot.com/?status=404,--,--
https://fake-response.appspot.com/?status=405,--,--
https://fake-response.appspot.com/?status=406,--,--
https://fake-response.appspot.com/?status=407,--,--
https://fake-response.appspot.com/?status=408,--,--
https://fake-response.appspot.com/?status=409,--,--
https://fake-response.appspot.com/?status=410,--,--
https://fake-response.appspot.com/?status=411,--,--
https://fake-response.appspot.com/?status=412,--,--
https://fake-response.appspot.com/?status=413,--,--
https://fake-response.appspot.com/?status=414,--,--
https://fake-response.appspot.com/?status=415,--,--
https://fake-response.appspot.com/?status=416,--,--
https://fake-response.appspot.com/?status=417,--,--
https://fake-response.appspot.com/?status=500,--,--
https://fake-response.appspot.com/?status=501,--,--